Log File;Protocol;Benchmark;Cache Size;Associativity;Block Size;Max Exec;Exec 0;Exec 1;Exec 2;Exec 3;Comp 0;Comp 1;Comp 2;Comp 3;LD 0;ST 0;LD 1;ST 1;LD 2;ST 2;LD 3;ST 3;Idle 0;Idle 1;Idle 2;Idle 3;Miss% 0;Miss% 1;Miss% 2;Miss% 3;Traffic;Invalidations;Updates;Write-backs;Priv% T;Priv% 0;Priv% 1;Priv% 2;Priv% 3;Priv T;Priv 0;Priv 1;Priv 2;Priv 3;Real (s);User (s);Sys (s);CPU (%);Ctx-sw (vol);Ctx-sw (invol);PFault (maj);PFault (min);Swaps
Dragon-blackscholes-1024-2-16.time;Dragon;blackscholes;1024;2;16;41104484;40870539;42676456;41180542;42676456;10430314;10383276;10430338;10394904;1489888;1007461;1485857;1004611;1492629;1016428;1493736;1009391;30674170;30487263;32246118;30785638;9.08%;9.06%;9.39%;9.09%;20382652;0;1211;358227;84.06%;83.99%;84.03%;84.34%;83.88%;8406155;2097601;2092761;2116129;2099664;336.23;334.27;1.93;99;225;7;0;302330;0
Dragon-blackscholes-128-2-16.time;Dragon;blackscholes;128;2;16;218473948;217937941;219556372;218938946;219556372;10430314;10383276;10430338;10394904;1489888;1007461;1485857;1004611;1492629;1016428;1493736;1009391;208043634;207554665;209126034;208544042;58.64%;58.67%;58.61%;58.66%;134482744;0;54;2540504;92.43%;92.32%;92.85%;91.57%;92.97%;9242648;2305548;2312433;2297517;2327150;564.35;562.49;1.77;99;742;8;0;328592;0
Dragon-blackscholes-16384-2-16.time;Dragon;blackscholes;16384;2;16;15238494;15094670;16320002;15188334;16320002;10430314;10383276;10430338;10394904;1489888;1007461;1485857;1004611;1492629;1016428;1493736;1009391;4808180;4711394;5889664;4793430;0.90%;0.89%;1.16%;0.90%;1805008;0;27548;9647;82.00%;79.84%;80.69%;81.03%;86.44%;8200332;1993764;2009678;2033120;2163770;1074.68;1072.66;1.91;99;1384;8;0;337164;0
Dragon-blackscholes-2048-2-16.time;Dragon;blackscholes;2048;2;16;24334712;24183357;25814806;24342287;25814806;10430314;10383276;10430338;10394904;1489888;1007461;1485857;1004611;1492629;1016428;1493736;1009391;13904398;13800081;15384468;13947383;4.04%;4.01%;4.36%;4.04%;8865716;0;3697;141840;82.36%;82.15%;82.53%;82.58%;82.17%;8235835;2051596;2055484;2071881;2056874;299.08;297.82;1.20;99;662;8;0;302904;0
Dragon-blackscholes-256-2-16.time;Dragon;blackscholes;256;2;16;173619210;173182406;174798359;174042041;174798359;10430314;10383276;10430338;10394904;1489888;1007461;1485857;1004611;1492629;1016428;1493736;1009391;163188896;162799130;164368021;163647137;44.44%;44.47%;44.52%;44.48%;106549660;0;119;2211470;91.50%;91.32%;90.80%;91.96%;91.91%;9149887;2280572;2261396;2307392;2300527;594.54;592.32;1.69;99;1084;11;0;333700;0
Dragon-blackscholes-32768-2-16.time;Dragon;blackscholes;32768;2;16;14683687;14499133;15584732;14621296;15584732;10430314;10383276;10430338;10394904;1489888;1007461;1485857;1004611;1492629;1016428;1493736;1009391;4253373;4115857;5154394;4226392;0.68%;0.66%;0.89%;0.68%;1866892;0;141651;8355;79.99%;79.86%;71.62%;81.91%;86.52%;7998900;1994424;1783659;2055131;2165686;1356.54;1353.28;3.19;99;471;10;0;303004;0
Dragon-blackscholes-4096-1-16.time;Dragon;blackscholes;4096;1;16;20338945;20175509;21595776;20264156;21595776;10430314;10383276;10430338;10394904;1489888;1007461;1485857;1004611;1492629;1016428;1493736;1009391;9908631;9792233;11165438;9869252;3.96%;3.93%;4.27%;3.95%;7029612;0;5243;35262;82.59%;82.10%;83.18%;82.77%;82.31%;8258950;2050205;2071601;2076701;2060443;561.14;559.69;1.40;99;535;11;0;302410;0
Dragon-blackscholes-4096-128-16.time;Dragon;blackscholes;4096;128;16;13934399;13763239;15293027;13825092;15293027;10430314;10383276;10430338;10394904;1489888;1007461;1485857;1004611;1492629;1016428;1493736;1009391;3504085;3379963;4862689;3430188;0.35%;0.31%;0.65%;0.33%;890280;0;8538;12308;82.07%;79.94%;85.22%;81.45%;81.68%;8206987;1996428;2122261;2043659;2044639;919.57;917.86;1.65;99;344;8;0;302397;0
Dragon-blackscholes-4096-16-16.time;Dragon;blackscholes;4096;16;16;13939823;13765744;15304067;13837027;15304067;10430314;10383276;10430338;10394904;1489888;1007461;1485857;1004611;1492629;1016428;1493736;1009391;3509509;3382468;4873729;3442123;0.35%;0.31%;0.66%;0.34%;897808;0;8976;12368;82.55%;80.19%;86.92%;81.43%;81.69%;8255418;2002664;2164732;2043231;2044791;343.26;342.03;1.19;99;201;8;0;316090;0
Dragon-blackscholes-4096-2-1024.time;Dragon;blackscholes;4096;2;1024;107827607;107524142;108039693;107993142;108039693;10430314;10383276;10430338;10394904;1489888;1007461;1485857;1004611;1492629;1016428;1493736;1009391;97397293;97140866;97609355;97598238;15.56%;15.55%;15.55%;15.56%;1931150136;0;462;330641;94.17%;94.14%;94.12%;94.26%;94.18%;9417459;2351112;2344040;2364960;2357347;320.06;318.24;1.79;99;295;7;0;306086;0
Dragon-blackscholes-4096-2-128.time;Dragon;blackscholes;4096;2;128;20912405;20816232;21352218;20940430;21352218;10430314;10383276;10430338;10394904;1489888;1007461;1485857;1004611;1492629;1016428;1493736;1009391;10482091;10432956;10921880;10545526;2.99%;2.98%;3.09%;3.00%;46318496;0;1736;60197;82.34%;82.07%;82.68%;82.52%;82.07%;8233776;2049697;2059171;2070563;2054345;124.66;123.41;1.24;99;56;8;0;302329;0
Dragon-blackscholes-4096-2-16.time;Dragon;blackscholes;4096;2;16;16861965;16718975;18241415;16787579;18241415;10430314;10383276;10430338;10394904;1489888;1007461;1485857;1004611;1492629;1016428;1493736;1009391;6431651;6335699;7811077;6392675;1.39%;1.36%;1.70%;1.38%;2944052;0;6897;36406;81.23%;80.88%;81.41%;81.31%;81.30%;8122624;2019769;2027535;2040208;2035112;393.02;391.19;1.78;99;382;7;0;315290;0
Dragon-blackscholes-4096-2-2048.time;Dragon;blackscholes;4096;2;2048;200955266;200156065;200729149;200996147;200996147;10430314;10383276;10430338;10394904;1489888;1007461;1485857;1004611;1492629;1016428;1493736;1009391;190524952;189772789;190298811;190601243;20.81%;20.78%;20.77%;20.79%;1127260948;0;197;569202;97.92%;97.86%;97.95%;97.92%;97.93%;9791709;2443947;2439518;2456979;2451265;787.89;784.38;3.47;99;492;8;0;302325;0
Dragon-blackscholes-4096-2-256.time;Dragon;blackscholes;4096;2;256;32768259;32629706;33048691;32805393;33048691;10430314;10383276;10430338;10394904;1489888;1007461;1485857;1004611;1492629;1016428;1493736;1009391;22337945;22246430;22618353;22410489;6.15%;6.14%;6.20%;6.15%;175515880;0;698;69811;84.08%;83.95%;84.10%;84.38%;83.90%;8408269;2096493;2094528;2117199;2100049;133.69;132.41;1.27;99;60;8;0;302322;0
Dragon-blackscholes-4096-2-32.time;Dragon;blackscholes;4096;2;32;16728354;16650802;17605606;16714306;17605606;10430314;10383276;10430338;10394904;1489888;1007461;1485857;1004611;1492629;1016428;1493736;1009391;6298040;6267526;7175268;6319402;1.43%;1.41%;1.62%;1.43%;5728736;0;4344;31087;81.37%;81.07%;81.86%;81.37%;81.18%;8136717;2024508;2038625;2041539;2032045;221.37;219.86;1.49;99;93;10;0;302335;0
Dragon-blackscholes-4096-2-4.time;Dragon;blackscholes;4096;2;4;17105355;16782009;19520837;16916773;19520837;10430314;10383276;10430338;10394904;1489888;1007461;1485857;1004611;1492629;1016428;1493736;1009391;6675041;6398733;9090499;6521869;1.42%;1.35%;1.94%;1.38%;823820;0;12073;41682;81.05%;80.58%;81.02%;81.52%;81.09%;8105267;2012244;2017757;2045492;2029774;1353.22;1350.37;2.63;99;1402;10;0;329865;0
Dragon-blackscholes-4096-2-512.time;Dragon;blackscholes;4096;2;512;64093726;63856596;64323041;64233712;64323041;10430314;10383276;10430338;10394904;1489888;1007461;1485857;1004611;1492629;1016428;1493736;1009391;53663412;53473320;53892703;53838808;10.80%;10.80%;10.82%;10.82%;657506448;0;292;203227;88.19%;88.13%;88.22%;88.27%;88.14%;8819061;2200907;2197110;2214674;2206370;181.49;180.53;0.94;99;119;11;0;302380;0
Dragon-blackscholes-4096-2-64.time;Dragon;blackscholes;4096;2;64;18803241;18713225;19354628;18802081;19354628;10430314;10383276;10430338;10394904;1489888;1007461;1485857;1004611;1492629;1016428;1493736;1009391;8372927;8329949;8924290;8407177;2.47%;2.46%;2.59%;2.48%;19264944;0;2588;50882;81.74%;81.52%;82.23%;81.76%;81.47%;8174395;2035799;2047797;2051420;2039379;152.82;151.37;1.35;99;345;8;0;302331;0
Dragon-blackscholes-4096-2-8.time;Dragon;blackscholes;4096;2;8;16806737;16489007;19235760;16614355;19235760;10430314;10383276;10430338;10394904;1489888;1007461;1485857;1004611;1492629;1016428;1493736;1009391;6376423;6105731;8805422;6219451;1.34%;1.27%;1.86%;1.30%;1520540;0;12607;39416;81.11%;80.72%;81.08%;81.53%;81.10%;8110716;2015776;2019151;2045700;2030089;791.43;788.54;2.84;99;556;7;0;313053;0
Dragon-blackscholes-4096-256-16.time;Dragon;blackscholes;4096;256;16;13933713;13763275;15293742;13825978;15293742;10430314;10383276;10430338;10394904;1489888;1007461;1485857;1004611;1492629;1016428;1493736;1009391;3503399;3379999;4863404;3431074;0.35%;0.31%;0.65%;0.33%;890516;0;8525;12318;82.00%;79.94%;84.91%;81.45%;81.68%;8199564;1996489;2114770;2043676;2044629;1691.00;1687.68;3.15;99;1822;8;0;330149;0
Dragon-blackscholes-4096-32-16.time;Dragon;blackscholes;4096;32;16;13936718;13765592;15294173;13828846;15294173;10430314;10383276;10430338;10394904;1489888;1007461;1485857;1004611;1492629;1016428;1493736;1009391;3506404;3382316;4863835;3433942;0.35%;0.31%;0.65%;0.33%;892732;0;8551;12314;82.50%;79.95%;86.67%;81.44%;81.94%;8249603;1996603;2158574;2043449;2050977;436.55;434.33;2.19;99;181;8;0;302340;0
Dragon-blackscholes-4096-4-16.time;Dragon;blackscholes;4096;4;16;15796465;15637623;17176004;15709372;17176004;10430314;10383276;10430338;10394904;1489888;1007461;1485857;1004611;1492629;1016428;1493736;1009391;5366151;5254347;6745666;5314468;1.11%;1.07%;1.41%;1.10%;2261216;0;8488;21911;81.05%;80.79%;81.20%;81.38%;80.81%;8104684;2017650;2022367;2041976;2022691;306.48;305.38;1.06;99;144;8;0;302402;0
Dragon-blackscholes-4096-64-16.time;Dragon;blackscholes;4096;64;16;13935614;13763853;15295228;13827273;15295228;10430314;10383276;10430338;10394904;1489888;1007461;1485857;1004611;1492629;1016428;1493736;1009391;3505300;3380577;4864890;3432369;0.35%;0.31%;0.65%;0.33%;891692;0;8539;12323;82.37%;79.94%;86.43%;81.45%;81.69%;8237120;1996485;2152390;2043528;2044717;630.04;629.17;0.73;99;534;10;0;302396;0
Dragon-blackscholes-4096-8-16.time;Dragon;blackscholes;4096;8;16;14222554;14057673;15600968;14113611;15600968;10430314;10383276;10430338;10394904;1489888;1007461;1485857;1004611;1492629;1016428;1493736;1009391;3792240;3674397;5170630;3718707;0.52%;0.48%;0.82%;0.50%;1173552;0;9292;13182;82.06%;80.79%;83.17%;81.45%;82.83%;8205744;2017484;2071331;2043680;2073249;273.53;272.66;0.79;99;340;10;0;334072;0
Dragon-blackscholes-512-2-16.time;Dragon;blackscholes;512;2;16;97984186;97686617;99339248;98155956;99339248;10430314;10383276;10430338;10394904;1489888;1007461;1485857;1004611;1492629;1016428;1493736;1009391;87553872;87303341;88908910;87761052;25.24%;25.24%;25.45%;25.26%;58645760;0;320;1135501;86.62%;85.81%;87.68%;86.72%;86.26%;8661573;2142969;2183593;2175813;2159198;496.62;494.17;2.13;99;1271;7;0;321916;0
Dragon-blackscholes-65536-2-16.time;Dragon;blackscholes;65536;2;16;13526164;13339133;14063199;13388982;14063199;10430314;10383276;10430338;10394904;1489888;1007461;1485857;1004611;1492629;1016428;1493736;1009391;3095850;2955857;3632861;2994078;0.22%;0.20%;0.34%;0.20%;4592428;0;1030527;5335;63.46%;18.94%;63.81%;81.90%;89.06%;6346441;472882;1589165;2055038;2229356;1737.77;1735.28;2.11;99;3364;8;0;340270;0
Dragon-blackscholes-8192-2-16.time;Dragon;blackscholes;8192;2;16;15439888;15264747;16650847;15318642;16650847;10430314;10383276;10430338;10394904;1489888;1007461;1485857;1004611;1492629;1016428;1493736;1009391;5009574;4881471;6220509;4923738;0.96%;0.93%;1.25%;0.94%;1902064;0;13724;13419;81.27%;80.62%;80.94%;81.09%;82.43%;8127241;2013392;2015854;2034719;2063276;689.00;686.99;1.93;99;692;7;0;329652;0
Dragon-bodytrack-1024-2-16.time;Dragon;bodytrack;1024;2;16;59773106;59755237;19852097;59797556;59797556;17729254;17120545;17556877;17140113;2380720;889412;2388005;899247;74523;43175;2416052;908867;42043852;42634692;2295220;42657443;10.68%;10.89%;14.10%;10.79%;21870080;0;1488;283803;78.80%;81.64%;77.15%;82.70%;77.49%;7879749;2669892;2535958;97332;2576567;331.89;330.02;1.85;99;202;8;0;277611;0
Dragon-bodytrack-128-2-16.time;Dragon;bodytrack;128;2;16;129976451;131033793;24606939;132900538;132900538;17729254;17120545;17556877;17140113;2380720;889412;2388005;899247;74523;43175;2416052;908867;112247197;113913248;7050062;115760425;26.00%;26.17%;43.31%;26.30%;55666824;0;218;843396;97.08%;97.01%;97.15%;95.69%;97.12%;9707769;3172283;3193602;112627;3229257;317.94;316.28;1.59;99;131;9;0;278120;0
Dragon-bodytrack-16384-2-16.time;Dragon;bodytrack;16384;2;16;36603945;36589523;18380486;36203139;36603945;17729254;17120545;17556877;17140113;2380720;889412;2388005;899247;74523;43175;2416052;908867;18874691;19468978;823609;19063026;5.07%;5.15%;4.48%;5.01%;9848180;0;9201;105878;76.34%;73.06%;77.24%;78.70%;78.61%;7634269;2389015;2538959;92631;2613664;2026.99;2019.96;6.91;99;829;9;0;277666;0
Dragon-bodytrack-2048-2-16.time;Dragon;bodytrack;2048;2;16;48584210;48568342;19394146;48603441;48603441;17729254;17120545;17556877;17140113;2380720;889412;2388005;899247;74523;43175;2416052;908867;30854956;31447797;1837269;31463328;7.91%;7.94%;11.06%;7.82%;15487968;0;2644;174537;80.80%;79.32%;80.02%;81.99%;82.99%;8080134;2593779;2630572;96496;2759287;440.08;437.77;2.29;99;184;8;0;277615;0
Dragon-bodytrack-256-2-16.time;Dragon;bodytrack;256;2;16;108745417;108895587;22427425;110922060;110922060;17729254;17120545;17556877;17140113;2380720;889412;2388005;899247;74523;43175;2416052;908867;91016163;91775042;4870548;93781947;20.96%;21.05%;32.01%;21.17%;45533392;0;104;726929;95.48%;96.24%;94.62%;90.39%;95.76%;9548008;3147203;3110540;106391;3183874;229.68;228.13;1.52;99;115;7;0;277611;0
Dragon-bodytrack-32768-2-16.time;Dragon;bodytrack;32768;2;16;30941100;30927811;18178017;30603479;30941100;17729254;17120545;17556877;17140113;2380720;889412;2388005;899247;74523;43175;2416052;908867;13211846;13807266;621140;13463366;3.74%;3.78%;3.88%;3.70%;7222512;0;16856;73163;72.05%;69.56%;69.87%;77.68%;76.47%;7205362;2274708;2296739;91428;2542487;3218.94;3213.27;5.06;99;1802;8;0;278735;0
Dragon-bodytrack-4096-1-16.time;Dragon;bodytrack;4096;1;16;45306539;46293013;19216584;45323644;46293013;17729254;17120545;17556877;17140113;2380720;889412;2388005;899247;74523;43175;2416052;908867;27577285;29172468;1659707;28183531;7.35%;7.56%;10.44%;7.51%;14746292;0;5161;169531;75.81%;74.04%;81.14%;80.45%;72.12%;7580942;2421052;2667277;94692;2397921;745.09;743.47;1.35;99;539;7;0;282936;0
Dragon-bodytrack-4096-128-16.time;Dragon;bodytrack;4096;128;16;41081948;41557238;18965168;41096998;41557238;17729254;17120545;17556877;17140113;2380720;889412;2388005;899247;74523;43175;2416052;908867;23352694;24436693;1408291;23956885;6.14%;6.29%;8.55%;6.12%;11870796;0;4627;119606;78.74%;76.57%;77.43%;80.48%;82.09%;7873552;2504101;2545196;94729;2729526;1588.84;1586.94;1.69;99;2457;10;0;317736;0
Dragon-bodytrack-4096-16-16.time;Dragon;bodytrack;4096;16;16;41123972;41598666;18966117;41139022;41598666;17729254;17120545;17556877;17140113;2380720;889412;2388005;899247;74523;43175;2416052;908867;23394718;24478121;1409240;23998909;6.18%;6.32%;8.57%;6.16%;11939052;0;4515;120304;78.67%;74.64%;78.93%;80.55%;82.31%;7866962;2440935;2594588;94811;2736628;753.15;752.37;0.74;99;304;8;0;277617;0
Dragon-bodytrack-4096-2-1024.time;Dragon;bodytrack;4096;2;1024;93420399;93176383;21012688;94753347;94753347;17729254;17120545;17556877;17140113;2380720;889412;2388005;899247;74523;43175;2416052;908867;75691145;76055838;3455811;77613234;12.46%;12.08%;14.24%;12.19%;1449114624;0;1792;188292;90.89%;91.47%;90.69%;84.13%;90.75%;9088537;2991093;2981164;99024;3017256;234.66;232.99;1.64;99;90;8;0;277608;0
Dragon-bodytrack-4096-2-128.time;Dragon;bodytrack;4096;2;128;40932992;40002469;18800877;40741319;40932992;17729254;17120545;17556877;17140113;2380720;889412;2388005;899247;74523;43175;2416052;908867;23203738;22881924;1244000;23601206;5.94%;5.73%;7.96%;5.87%;82614288;0;2308;58295;84.22%;79.75%;88.73%;80.86%;84.28%;8422104;2607797;2916838;95172;2802297;157.14;155.70;1.33;99;563;7;0;277611;0
Dragon-bodytrack-4096-2-16.time;Dragon;bodytrack;4096;2;16;42463378;43409621;19054035;42478245;43409621;17729254;17120545;17556877;17140113;2380720;889412;2388005;899247;74523;43175;2416052;908867;24734124;26289076;1497158;25338132;6.62%;6.65%;9.22%;6.53%;12766396;0;3651;134039;78.96%;75.20%;83.53%;80.38%;78.10%;7896378;2459251;2745889;94609;2596629;706.27;704.42;1.58;99;732;8;0;307937;0
Dragon-bodytrack-4096-2-2048.time;Dragon;bodytrack;4096;2;2048;276307960;275899111;24267726;276607827;276607827;17729254;17120545;17556877;17140113;2380720;889412;2388005;899247;74523;43175;2416052;908867;258578706;258778566;6710849;259467714;17.85%;17.58%;20.07%;17.73%;96769296;0;1724;275154;89.78%;89.82%;89.69%;87.55%;89.92%;8978100;2937156;2948278;103040;2989626;852.22;850.21;1.96;99;892;9;0;302886;0
Dragon-bodytrack-4096-2-256.time;Dragon;bodytrack;4096;2;256;47555766;46181000;19605007;46896013;47555766;17729254;17120545;17556877;17140113;2380720;889412;2388005;899247;74523;43175;2416052;908867;29826512;29060455;2048130;29755900;6.91%;6.68%;11.54%;6.75%;195043672;0;3094;78462;85.64%;82.52%;87.16%;81.15%;87.37%;8564303;2698668;2865214;95517;2904904;149.62;148.34;1.27;99;66;11;0;277607;0
Dragon-bodytrack-4096-2-32.time;Dragon;bodytrack;4096;2;32;38129148;38114287;18653735;38142006;38142006;17729254;17120545;17556877;17140113;2380720;889412;2388005;899247;74523;43175;2416052;908867;20399894;20993742;1096858;21001893;5.63%;5.60%;7.01%;5.56%;20567036;0;3655;81118;78.96%;75.94%;81.72%;80.43%;79.15%;7896138;2483475;2686278;94663;2631722;325.14;323.19;1.93;99;223;7;0;277613;0
Dragon-bodytrack-4096-2-4.time;Dragon;bodytrack;4096;2;4;63467469;64887051;20501499;63501004;64887051;17729254;17120545;17556877;17140113;2380720;889412;2388005;899247;74523;43175;2416052;908867;45738215;47766506;2944622;46360891;10.87%;10.77%;16.93%;10.79%;5918360;0;4284;387097;77.39%;73.51%;84.91%;80.52%;73.68%;7739489;2403797;2791104;94776;2449812;4208.39;4204.86;3.21;99;2105;8;0;277719;0
Dragon-bodytrack-4096-2-512.time;Dragon;bodytrack;4096;2;512;62420818;60093585;20312117;61623539;62420818;17729254;17120545;17556877;17140113;2380720;889412;2388005;899247;74523;43175;2416052;908867;44691564;42973040;2755240;44483426;8.60%;8.26%;13.37%;8.48%;502356840;0;2650;130667;83.84%;82.25%;84.46%;83.12%;84.82%;8383949;2689572;2776420;97831;2820126;111.48;110.81;0.62;99;52;7;0;277607;0
Dragon-bodytrack-4096-2-64.time;Dragon;bodytrack;4096;2;64;38991569;37692751;18555551;37719074;38991569;17729254;17120545;17556877;17140113;2380720;889412;2388005;899247;74523;43175;2416052;908867;21262315;20572206;998674;20578961;5.58%;5.49%;6.49%;5.51%;39413180;0;4479;62028;79.75%;84.31%;80.05%;80.52%;74.96%;7975394;2756941;2631346;94775;2492332;204.80;203.36;1.42;99;84;8;0;277612;0
Dragon-bodytrack-4096-2-8.time;Dragon;bodytrack;4096;2;8;51332207;53023910;19846623;51354962;53023910;17729254;17120545;17556877;17140113;2380720;889412;2388005;899247;74523;43175;2416052;908867;33602953;35903365;2289746;34214849;8.51%;8.55%;13.15%;8.39%;8764440;0;4572;239715;78.18%;73.64%;84.52%;80.53%;76.31%;7818430;2408286;2778270;94780;2537094;1842.13;1839.77;2.25;99;681;10;0;278547;0
Dragon-bodytrack-4096-256-16.time;Dragon;bodytrack;4096;256;16;41096416;41571598;18968206;41111466;41571598;17729254;17120545;17556877;17140113;2380720;889412;2388005;899247;74523;43175;2416052;908867;23367162;24451053;1411329;23971353;6.14%;6.29%;8.57%;6.12%;11871364;0;4625;119602;78.75%;76.58%;76.31%;80.49%;83.24%;7875109;2504318;2508420;94734;2767637;2220.92;2216.59;4.22;99;1110;8;0;278641;0
Dragon-bodytrack-4096-32-16.time;Dragon;bodytrack;4096;32;16;41097554;41572092;18965779;41112604;41572092;17729254;17120545;17556877;17140113;2380720;889412;2388005;899247;74523;43175;2416052;908867;23368300;24451547;1408902;23972491;6.16%;6.30%;8.56%;6.14%;11897044;0;4461;119893;78.68%;74.76%;77.97%;80.54%;83.17%;7867943;2444653;2563165;94799;2765326;884.40;880.97;3.38;99;362;8;0;278129;0
Dragon-bodytrack-4096-4-16.time;Dragon;bodytrack;4096;4;16;41575064;42052246;18978712;41590022;42052246;17729254;17120545;17556877;17140113;2380720;889412;2388005;899247;74523;43175;2416052;908867;23845810;24931701;1421835;24449909;6.33%;6.46%;8.68%;6.33%;12283640;0;4446;126421;77.85%;75.43%;76.79%;80.39%;81.19%;7785018;2466713;2524264;94622;2699419;704.21;700.94;3.17;99;442;9;0;277618;0
Dragon-bodytrack-4096-64-16.time;Dragon;bodytrack;4096;64;16;41069883;41545073;18966880;41084933;41545073;17729254;17120545;17556877;17140113;2380720;889412;2388005;899247;74523;43175;2416052;908867;23340629;24424528;1410003;23944820;6.14%;6.29%;8.56%;6.12%;11871028;0;4465;119644;78.74%;76.40%;76.93%;80.54%;82.77%;7873959;2498447;2528745;94794;2751973;1136.88;1135.04;1.66;99;1476;7;0;316394;0
Dragon-bodytrack-4096-8-16.time;Dragon;bodytrack;4096;8;16;41195165;41669523;18974315;41209939;41669523;17729254;17120545;17556877;17140113;2380720;889412;2388005;899247;74523;43175;2416052;908867;23465911;24548978;1417438;24069826;6.22%;6.36%;8.65%;6.21%;12032452;0;4593;121934;78.62%;74.83%;78.57%;80.50%;82.33%;7861919;2447088;2582827;94752;2737252;724.41;722.80;1.47;99;599;10;0;282233;0
Dragon-bodytrack-512-2-16.time;Dragon;bodytrack;512;2;16;82001436;81980039;20622093;84327953;84327953;17729254;17120545;17556877;17140113;2380720;889412;2388005;899247;74523;43175;2416052;908867;64272182;64859494;3065216;67187840;15.54%;15.79%;20.02%;15.88%;33332116;0;517;504222;84.47%;86.16%;80.03%;85.69%;87.15%;8447088;2817679;2630826;100858;2897725;308.51;306.72;1.77;99;144;8;0;277612;0
Dragon-bodytrack-65536-2-16.time;Dragon;bodytrack;65536;2;16;26448071;25893087;18083989;25911045;26448071;17729254;17120545;17556877;17140113;2380720;889412;2388005;899247;74523;43175;2416052;908867;8718817;8772542;527112;8770932;2.31%;2.25%;3.80%;2.21%;4469248;0;22940;46184;70.72%;65.54%;67.57%;76.91%;78.72%;7072258;2143245;2221097;90522;2617394;4368.83;4362.05;6.59;99;4019;9;0;312125;0
Dragon-bodytrack-8192-2-16.time;Dragon;bodytrack;8192;2;16;39522194;39970002;18671495;39537050;39970002;17729254;17120545;17556877;17140113;2380720;889412;2388005;899247;74523;43175;2416052;908867;21792940;22849457;1114618;22396937;5.82%;5.98%;6.77%;5.84%;11370336;0;6532;120070;76.69%;77.29%;76.49%;79.05%;76.23%;7669433;2527443;2514478;93045;2534467;1200.83;1198.99;1.64;99;1686;8;0;316564;0
Dragon-fluidanimate-1024-2-16.time;Dragon;fluidanimate;1024;2;16;65582100;58583918;68255397;57872312;68255397;11337782;11290799;11337671;11301515;1832392;744111;1821846;585998;1838008;766181;1832174;579291;54244318;47293119;56917726;46570797;13.60%;12.55%;14.07%;12.40%;32084072;0;2330;686397;86.51%;86.92%;85.73%;87.84%;85.42%;8651097;2239399;2064176;2287530;2059992;481.99;479.54;2.42;99;174;8;0;303047;0
Dragon-fluidanimate-128-2-16.time;Dragon;fluidanimate;128;2;16;151905087;126157220;154888879;126041074;154888879;11337782;11290799;11337671;11301515;1832392;744111;1821846;585998;1838008;766181;1832174;579291;140567305;114866421;143551208;114739559;43.05%;38.29%;43.25%;38.52%;86652496;0;156;1329349;91.23%;91.23%;90.84%;91.98%;90.79%;9122705;2350501;2187405;2395310;2189489;366.26;364.17;2.06;99;147;8;0;303044;0
Dragon-fluidanimate-16384-2-16.time;Dragon;fluidanimate;16384;2;16;39206368;36467686;39437300;36486331;39437300;11337782;11290799;11337671;11301515;1832392;744111;1821846;585998;1838008;766181;1832174;579291;27868586;25176887;28099629;25184816;5.84%;5.72%;5.84%;5.76%;15970756;0;32897;410984;84.01%;83.21%;87.78%;83.81%;81.32%;8400941;2143950;2113568;2182466;1960957;3463.94;3460.57;3.18;99;3529;8;0;341833;0
Dragon-fluidanimate-2048-2-16.time;Dragon;fluidanimate;2048;2;16;56167390;50845771;59018730;50422519;59018730;11337782;11290799;11337671;11301515;1832392;744111;1821846;585998;1838008;766181;1832174;579291;44829608;39554972;47681059;39121004;10.51%;9.75%;11.08%;9.65%;26419692;0;3215;623602;85.84%;86.17%;84.68%;87.09%;85.31%;8584423;2220213;2039043;2268013;2057154;616.11;614.38;1.70;99;668;10;0;340088;0
Dragon-fluidanimate-256-2-16.time;Dragon;fluidanimate;256;2;16;109384498;88529486;112210935;87767083;112210935;11337782;11290799;11337671;11301515;1832392;744111;1821846;585998;1838008;766181;1832174;579291;98046716;77238687;100873264;76465568;28.51%;24.01%;28.70%;23.72%;58832488;0;414;1044969;88.40%;88.45%;87.59%;89.86%;87.59%;8840333;2278889;2109083;2340157;2112204;331.40;329.94;1.43;99;423;8;0;337146;0
Dragon-fluidanimate-32768-2-16.time;Dragon;fluidanimate;32768;2;16;36377967;34093958;36282382;34335073;36377967;11337782;11290799;11337671;11301515;1832392;744111;1821846;585998;1838008;766181;1832174;579291;25040185;22803159;24944711;23033558;5.21%;5.12%;5.12%;5.21%;14354616;0;62446;364980;83.65%;81.71%;89.06%;83.35%;80.63%;8364657;2105204;2144421;2170644;1944388;5964.12;5961.21;2.61;99;7531;8;0;343290;0
Dragon-fluidanimate-4096-1-16.time;Dragon;fluidanimate;4096;1;16;59275658;55973604;62145836;55431282;62145836;11337782;11290799;11337671;11301515;1832392;744111;1821846;585998;1838008;766181;1832174;579291;47937876;44682805;50808165;44129767;11.15%;11.20%;11.83%;11.07%;29187428;0;6361;690636;85.14%;85.50%;84.11%;86.54%;84.25%;8513524;2202913;2025337;2253687;2031587;1382.72;1381.21;1.29;99;2049;9;0;343871;0
Dragon-fluidanimate-4096-128-16.time;Dragon;fluidanimate;4096;128;16;46822624;44992797;49283803;44418895;49283803;11337782;11290799;11337671;11301515;1832392;744111;1821846;585998;1838008;766181;1832174;579291;35484842;33701998;37946132;33117380;7.49%;7.67%;7.93%;7.52%;21281676;0;7615;562826;86.34%;85.94%;83.94%;85.65%;89.93%;8634473;2214300;2021099;2230524;2168550;1720.44;1717.38;2.90;99;2339;8;0;338951;0
Dragon-fluidanimate-4096-16-16.time;Dragon;fluidanimate;4096;16;16;46909325;45001049;49408737;44428832;49408737;11337782;11290799;11337671;11301515;1832392;744111;1821846;585998;1838008;766181;1832174;579291;35571543;33710250;38071066;33127317;7.51%;7.66%;7.96%;7.52%;21310792;0;7522;563484;86.65%;87.06%;83.92%;85.58%;90.11%;8665125;2243083;2020576;2228544;2172922;1095.79;1094.43;1.11;99;2076;8;0;343900;0
Dragon-fluidanimate-4096-2-1024.time;Dragon;fluidanimate;4096;2;1024;265865369;261233926;264198250;255971616;265865369;11337782;11290799;11337671;11301515;1832392;744111;1821846;585998;1838008;766181;1832174;579291;254527587;249943127;252860579;244670101;21.97%;20.59%;21.69%;20.06%;1733403928;0;18362;391088;84.96%;85.68%;84.43%;85.65%;83.99%;8496349;2207627;2032911;2230381;2025430;1108.31;1105.24;1.61;99;1293;13;0;339146;0
Dragon-fluidanimate-4096-2-128.time;Dragon;fluidanimate;4096;2;128;33314784;28015947;34269267;28080476;34269267;11337782;11290799;11337671;11301515;1832392;744111;1821846;585998;1838008;766181;1832174;579291;21977002;16725148;22931596;16778961;5.66%;4.38%;5.93%;4.36%;90793628;0;5191;198037;83.22%;83.60%;82.87%;84.14%;82.18%;8322334;2154045;1995444;2191081;1981764;150.37;148.96;1.40;99;88;8;0;303044;0
Dragon-fluidanimate-4096-2-16.time;Dragon;fluidanimate;4096;2;16;50159605;46903769;52866215;46473642;52866215;11337782;11290799;11337671;11301515;1832392;744111;1821846;585998;1838008;766181;1832174;579291;38821823;35612970;41528544;35172127;8.59%;8.39%;9.12%;8.28%;23159856;0;7180;585303;86.01%;85.43%;83.97%;86.43%;88.23%;8601363;2200997;2021806;2250854;2127706;1189.56;1185.99;3.51;99;873;8;0;333780;0
Dragon-fluidanimate-4096-2-2048.time;Dragon;fluidanimate;4096;2;2048;640595100;662613387;656760836;663198842;663198842;11337782;11290799;11337671;11301515;1832392;744111;1821846;585998;1838008;766181;1832174;579291;629257318;651322588;645423165;651897327;29.60%;28.04%;29.44%;27.92%;1753137416;0;20926;460663;85.46%;87.16%;84.32%;86.11%;84.08%;8545834;2245612;2030269;2242348;2027605;2295.14;2290.36;3.52;99;2398;12;0;333813;0
Dragon-fluidanimate-4096-2-256.time;Dragon;fluidanimate;4096;2;256;41790126;32219169;42878536;31131679;42878536;11337782;11290799;11337671;11301515;1832392;744111;1821846;585998;1838008;766181;1832174;579291;30452344;20928370;31540865;19830164;7.83%;5.45%;8.02%;5.12%;224772612;0;5697;212906;83.50%;83.92%;82.32%;84.63%;83.03%;8350324;2162083;1982042;2204030;2002169;162.71;161.35;1.33;99;138;10;0;303041;0
Dragon-fluidanimate-4096-2-32.time;Dragon;fluidanimate;4096;2;32;37215278;34324097;38749963;34077001;38749963;11337782;11290799;11337671;11301515;1832392;744111;1821846;585998;1838008;766181;1832174;579291;25877496;23033298;27412292;22775486;5.85%;5.51%;6.15%;5.46%;29586904;0;8566;348225;85.86%;84.72%;84.10%;86.06%;88.62%;8586020;2182716;2025059;2241183;2137062;521.11;519.63;1.05;99;324;10;0;303082;0
Dragon-fluidanimate-4096-2-4.time;Dragon;fluidanimate;4096;2;4;94491824;89590107;99080940;88891528;99080940;11337782;11290799;11337671;11301515;1832392;744111;1821846;585998;1838008;766181;1832174;579291;83154042;78299308;87743269;77590013;18.88%;19.02%;19.69%;18.93%;12845480;0;6373;1291387;85.73%;84.84%;84.49%;85.92%;87.71%;8572924;2185817;2034425;2237632;2115050;6226.56;6223.73;2.49;99;4157;10;0;344415;0
Dragon-fluidanimate-4096-2-512.time;Dragon;fluidanimate;4096;2;512;91990625;81895415;92215354;80717889;92215354;11337782;11290799;11337671;11301515;1832392;744111;1821846;585998;1838008;766181;1832174;579291;80652843;70604616;80877683;69416374;14.55%;12.55%;14.57%;12.25%;833601776;0;7996;276135;84.40%;84.57%;84.28%;85.19%;83.46%;8439573;2179041;2029238;2218617;2012677;307.45;305.68;1.73;99;160;7;0;303042;0
Dragon-fluidanimate-4096-2-64.time;Dragon;fluidanimate;4096;2;64;32399612;28547775;33648504;28386413;33648504;11337782;11290799;11337671;11301515;1832392;744111;1821846;585998;1838008;766181;1832174;579291;21061830;17256976;22310833;17084898;5.18%;4.37%;5.52%;4.28%;46029572;0;4961;233404;84.51%;84.39%;83.98%;85.18%;84.43%;8450760;2174311;2022102;2218366;2035981;230.96;229.44;1.26;99;156;7;0;303049;0
Dragon-fluidanimate-4096-2-8.time;Dragon;fluidanimate;4096;2;8;79175000;74683422;83783694;73778562;83783694;11337782;11290799;11337671;11301515;1832392;744111;1821846;585998;1838008;766181;1832174;579291;67837218;63392623;72446023;62477047;14.86%;14.82%;15.71%;14.63%;20810608;0;6086;1096623;86.11%;85.63%;84.60%;86.47%;87.74%;8610898;2206351;2036946;2251729;2115872;3494.51;3491.10;2.93;99;5504;8;0;341907;0
Dragon-fluidanimate-4096-256-16.time;Dragon;fluidanimate;4096;256;16;46834646;45021351;49265016;44444585;49265016;11337782;11290799;11337671;11301515;1832392;744111;1821846;585998;1838008;766181;1832174;579291;35496864;33730552;37927345;33143070;7.49%;7.67%;7.93%;7.53%;21287012;0;7829;562842;86.30%;85.88%;84.10%;85.51%;89.79%;8629661;2212577;2025025;2226719;2165340;2393.05;2386.70;6.23;99;1229;10;0;330729;0
Dragon-fluidanimate-4096-32-16.time;Dragon;fluidanimate;4096;32;16;46871796;44990177;49321671;44409894;49321671;11337782;11290799;11337671;11301515;1832392;744111;1821846;585998;1838008;766181;1832174;579291;35534014;33699378;37984000;33108379;7.50%;7.66%;7.94%;7.52%;21293224;0;7422;563291;85.70%;85.92%;83.92%;85.41%;87.56%;8569745;2213609;2020572;2224178;2111386;1426.81;1421.26;5.47;99;669;10;0;303056;0
Dragon-fluidanimate-4096-4-16.time;Dragon;fluidanimate;4096;4;16;47871535;45235123;50267259;44686560;50267259;11337782;11290799;11337671;11301515;1832392;744111;1821846;585998;1838008;766181;1832174;579291;36533753;33944324;38929588;33385045;7.80%;7.74%;8.26%;7.60%;21668204;0;7271;566578;85.86%;85.20%;84.03%;86.62%;87.56%;8585678;2195124;2023371;2255653;2111530;1205.31;1203.50;1.65;99;743;8;0;303120;0
Dragon-fluidanimate-4096-64-16.time;Dragon;fluidanimate;4096;64;16;46847482;45009594;49298966;44439784;49298966;11337782;11290799;11337671;11301515;1832392;744111;1821846;585998;1838008;766181;1832174;579291;35509700;33718795;37961295;33138269;7.49%;7.66%;7.94%;7.52%;21285512;0;7258;563242;85.63%;85.99%;84.03%;85.31%;87.19%;8563008;2215554;2023275;2221654;2102525;1441.90;1439.59;2.13;99;763;8;0;321481;0
Dragon-fluidanimate-4096-8-16.time;Dragon;fluidanimate;4096;8;16;47134160;45019865;49601851;44515441;49601851;11337782;11290799;11337671;11301515;1832392;744111;1821846;585998;1838008;766181;1832174;579291;35796378;33729066;38264180;33213926;7.57%;7.68%;8.02%;7.54%;21392120;0;7110;564536;85.53%;85.97%;83.91%;85.11%;87.12%;8552722;2214892;2020447;2216506;2100877;1193.97;1188.94;4.95;99;582;10;0;303059;0
Dragon-fluidanimate-512-2-16.time;Dragon;fluidanimate;512;2;16;82300452;72152654;85178228;71290148;85178228;11337782;11290799;11337671;11301515;1832392;744111;1821846;585998;1838008;766181;1832174;579291;70962670;60861855;73840557;59988633;19.77%;18.04%;20.11%;17.83%;43676908;0;1623;832069;87.54%;87.72%;87.06%;88.80%;86.48%;8754479;2260190;2096270;2312512;2085507;376.65;375.17;1.45;99;391;7;0;336729;0
Dragon-fluidanimate-65536-2-16.time;Dragon;fluidanimate;65536;2;16;35149095;33103986;34758708;33374731;35149095;11337782;11290799;11337671;11301515;1832392;744111;1821846;585998;1838008;766181;1832174;579291;23811313;21813187;23421037;22073216;4.99%;4.93%;4.86%;5.03%;13755812;0;91381;341663;82.84%;81.15%;86.05%;82.96%;81.28%;8283513;2090878;2072035;2160508;1960092;11357.17;11353.86;2.68;99;12152;9;0;343892;0
Dragon-fluidanimate-8192-2-16.time;Dragon;fluidanimate;8192;2;16;45412310;42771798;47081901;42688966;47081901;11337782;11290799;11337671;11301515;1832392;744111;1821846;585998;1838008;766181;1832174;579291;34074528;31480999;35744230;31387451;7.32%;7.35%;7.62%;7.28%;20273488;0;15480;523707;84.42%;84.14%;83.15%;84.44%;85.98%;8442376;2167866;2002112;2199000;2073398;2235.64;2230.04;5.49;99;1017;8;0;332610;0
MESI-blackscholes-1024-2-16.time;MESI;blackscholes;1024;2;16;44571820;44327977;46098198;44622269;46098198;10430314;10383276;10430338;10394904;1489888;1007461;1485857;1004611;1492629;1016428;1493736;1009391;34141506;33944701;35667860;34227365;9.08%;9.06%;9.39%;9.09%;20384240;244;0;358519;83.28%;82.96%;83.21%;83.48%;83.48%;8328347;2071892;2072398;2094562;2089495;328.43;327.40;0.87;99;394;21;0;302332;0
MESI-blackscholes-128-2-16.time;MESI;blackscholes;128;2;16;223273087;222743159;224380495;223755998;224380495;10430314;10383276;10430338;10394904;1489888;1007461;1485857;1004611;1492629;1016428;1493736;1009391;212842773;212359883;213950157;213361094;58.64%;58.67%;58.61%;58.66%;134483184;40;0;2540536;96.15%;95.99%;96.21%;95.86%;96.56%;9615452;2397329;2395992;2405200;2416931;512.43;510.04;1.98;99;5492;18;0;302322;0
MESI-blackscholes-16384-2-16.time;MESI;blackscholes;16384;2;16;15324184;15251539;16516692;15327979;16516692;10430314;10383276;10430338;10394904;1489888;1007461;1485857;1004611;1492629;1016428;1493736;1009391;4893870;4868263;6086354;4933075;0.90%;0.89%;1.16%;0.91%;1722496;887;0;11093;82.53%;80.43%;81.42%;81.13%;87.15%;8253202;2008650;2027625;2035551;2181376;1034.99;1033.91;0.77;99;413;31;0;302407;0
MESI-blackscholes-2048-2-16.time;MESI;blackscholes;2048;2;16;26534573;26276710;27976981;26503388;27976981;10430314;10383276;10430338;10394904;1489888;1007461;1485857;1004611;1492629;1016428;1493736;1009391;16104259;15893434;17546643;16108484;4.05%;4.01%;4.36%;4.05%;8859936;346;0;142256;81.86%;81.68%;81.96%;82.06%;81.74%;8185879;2039933;2041118;2058895;2045933;313.84;312.62;1.03;99;902;22;0;327558;0
MESI-blackscholes-256-2-16.time;MESI;blackscholes;256;2;16;179851176;179456202;181099558;180320530;181099558;10430314;10383276;10430338;10394904;1489888;1007461;1485857;1004611;1492629;1016428;1493736;1009391;169420862;169072926;170669220;169925626;44.45%;44.47%;44.52%;44.48%;106550944;83;0;2211545;91.79%;91.24%;90.89%;91.73%;93.31%;9179128;2278511;2263516;2301499;2335602;540.82;539.87;0.77;99;751;21;0;302349;0
MESI-blackscholes-32768-2-16.time;MESI;blackscholes;32768;2;16;14770030;14683442;15768901;14757430;15768901;10430314;10383276;10430338;10394904;1489888;1007461;1485857;1004611;1492629;1016428;1493736;1009391;4339716;4300166;5338563;4362526;0.68%;0.67%;0.90%;0.68%;1332224;957;0;10058;82.84%;80.42%;81.17%;82.01%;87.76%;8284480;2008489;2021629;2057696;2196666;1306.66;1305.51;0.88;99;1441;29;0;305223;0
MESI-blackscholes-4096-1-16.time;MESI;blackscholes;4096;1;16;23671708;23424893;25098655;23585205;25098655;10430314;10383276;10430338;10394904;1489888;1007461;1485857;1004611;1492629;1016428;1493736;1009391;13241394;13041617;14668317;13190301;3.96%;3.93%;4.27%;3.95%;7020448;455;0;35813;82.53%;82.30%;83.01%;82.45%;82.38%;8253208;2055211;2067435;2068606;2061956;602.22;599.93;1.95;99;2338;24;0;302354;0
MESI-blackscholes-4096-128-16.time;MESI;blackscholes;4096;128;16;14018606;13791472;15361979;13906020;15361979;10430314;10383276;10430338;10394904;1489888;1007461;1485857;1004611;1492629;1016428;1493736;1009391;3588292;3408196;4931641;3511116;0.35%;0.31%;0.65%;0.34%;866512;465;0;12730;81.57%;80.18%;82.75%;81.46%;81.91%;8157383;2002264;2060796;2043985;2050338;1128.28;1127.11;0.99;99;1277;21;0;317813;0
MESI-blackscholes-4096-16-16.time;MESI;blackscholes;4096;16;16;14024401;13795981;15373350;13912254;15373350;10430314;10383276;10430338;10394904;1489888;1007461;1485857;1004611;1492629;1016428;1493736;1009391;3594087;3412705;4943012;3517350;0.35%;0.32%;0.66%;0.34%;871552;434;0;12763;82.58%;80.43%;86.56%;81.45%;81.91%;8258419;2008685;2155787;2043543;2050404;360.48;359.39;0.93;99;445;19;0;343001;0
MESI-blackscholes-4096-2-1024.time;MESI;blackscholes;4096;2;1024;62430255;62217213;62677267;62528989;62677267;10430314;10383276;10430338;10394904;1489888;1007461;1485857;1004611;1492629;1016428;1493736;1009391;51999941;51833937;52246929;52134085;15.56%;15.55%;15.55%;15.56%;1931459584;235;0;330809;92.05%;92.44%;92.18%;91.69%;91.89%;9204755;2308614;2295601;2300466;2300074;177.23;176.14;0.93;99;869;21;0;322009;0
MESI-blackscholes-4096-2-128.time;MESI;blackscholes;4096;2;128;21971115;21848042;22429886;21978644;22429886;10430314;10383276;10430338;10394904;1489888;1007461;1485857;1004611;1492629;1016428;1493736;1009391;11540801;11464766;11999548;11583740;2.99%;2.98%;3.10%;3.00%;46367616;268;0;60471;82.28%;82.09%;82.55%;82.36%;82.11%;8227695;2050088;2055982;2066416;2055209;128.17;127.15;0.89;99;168;16;0;302328;0
MESI-blackscholes-4096-2-16.time;MESI;blackscholes;4096;2;16;17236518;17004057;18592028;17142704;18592028;10430314;10383276;10430338;10394904;1489888;1007461;1485857;1004611;1492629;1016428;1493736;1009391;6806204;6620781;8161690;6747800;1.40%;1.36%;1.70%;1.39%;2927696;486;0;36906;81.36%;81.04%;81.59%;81.34%;81.48%;8136293;2023920;2031914;2040956;2039503;392.88;391.86;0.89;99;302;18;0;302347;0
MESI-blackscholes-4096-2-2048.time;MESI;blackscholes;4096;2;2048;81184707;80835586;81435498;81224974;81435498;10430314;10383276;10430338;10394904;1489888;1007461;1485857;1004611;1492629;1016428;1493736;1009391;70754393;70452310;71005160;70830070;20.81%;20.78%;20.77%;20.79%;1127723008;157;0;569335;96.01%;96.26%;95.84%;95.90%;96.04%;9601008;2404016;2386837;2406136;2404019;197.29;196.13;1.02;99;348;21;0;312473;0
MESI-blackscholes-4096-2-256.time;MESI;blackscholes;4096;2;256;30311525;30167371;30645877;30315892;30645877;10430314;10383276;10430338;10394904;1489888;1007461;1485857;1004611;1492629;1016428;1493736;1009391;19881211;19784095;20215539;19920988;6.15%;6.14%;6.20%;6.15%;175600128;213;0;70011;84.23%;84.14%;84.59%;83.90%;84.27%;8422621;2101364;2106578;2105221;2109458;124.87;123.90;0.89;99;102;14;0;302363;0
MESI-blackscholes-4096-2-32.time;MESI;blackscholes;4096;2;32;17230664;17078316;18068450;17192317;18068450;10430314;10383276;10430338;10394904;1489888;1007461;1485857;1004611;1492629;1016428;1493736;1009391;6800350;6695040;7638112;6797413;1.43%;1.41%;1.62%;1.43%;5727328;314;0;31435;81.41%;81.20%;81.78%;81.40%;81.27%;8141303;2027776;2036807;2042310;2034410;221.51;219.89;1.35;99;993;20;0;324565;0
MESI-blackscholes-4096-2-4.time;MESI;blackscholes;4096;2;4;17321669;16972886;19711904;17121286;19711904;10430314;10383276;10430338;10394904;1489888;1007461;1485857;1004611;1492629;1016428;1493736;1009391;6891355;6589610;9281566;6726382;1.42%;1.35%;1.93%;1.38%;778932;734;0;42342;81.28%;80.86%;81.36%;81.53%;81.36%;8127899;2019405;2026161;2045748;2036585;1294.04;1292.95;0.93;99;924;15;0;302921;0
MESI-blackscholes-4096-2-512.time;MESI;blackscholes;4096;2;512;45800993;45682056;46114637;45903183;46114637;10430314;10383276;10430338;10394904;1489888;1007461;1485857;1004611;1492629;1016428;1493736;1009391;35370679;35298780;35684299;35508279;10.80%;10.80%;10.82%;10.82%;657649152;172;0;203384;87.61%;88.27%;87.29%;87.27%;87.60%;8760794;2204493;2173938;2189593;2192770;144.06;142.99;0.96;99;135;20;0;331666;0
MESI-blackscholes-4096-2-64.time;MESI;blackscholes;4096;2;64;20420464;20281099;20969026;20416577;20969026;10430314;10383276;10430338;10394904;1489888;1007461;1485857;1004611;1492629;1016428;1493736;1009391;9990150;9897823;10538688;10021673;2.47%;2.46%;2.59%;2.48%;19286784;310;0;51187;81.72%;81.50%;82.23%;81.68%;81.49%;8172399;2035289;2047911;2049387;2039812;160.14;158.69;1.23;99;4568;16;0;323562;0
MESI-blackscholes-4096-2-8.time;MESI;blackscholes;4096;2;8;17063760;16725517;19466798;16864006;19466798;10430314;10383276;10430338;10394904;1489888;1007461;1485857;1004611;1492629;1016428;1493736;1009391;6633446;6342241;9036460;6469102;1.34%;1.28%;1.86%;1.30%;1477368;723;0;40123;81.35%;81.02%;81.43%;81.54%;81.39%;8134577;2023285;2027957;2045947;2037388;793.24;792.27;0.72;99;378;17;0;302424;0
MESI-blackscholes-4096-256-16.time;MESI;blackscholes;4096;256;16;14017680;13794008;15365439;13906609;15365439;10430314;10383276;10430338;10394904;1489888;1007461;1485857;1004611;1492629;1016428;1493736;1009391;3587366;3410732;4935101;3511705;0.35%;0.31%;0.65%;0.34%;867040;478;0;12743;81.57%;80.17%;82.75%;81.46%;81.91%;8157457;2002246;2060826;2044002;2050383;1863.30;1861.71;1.35;99;4155;19;0;341921;0
MESI-blackscholes-4096-32-16.time;MESI;blackscholes;4096;32;16;14027817;13791862;15362704;13904009;15362704;10430314;10383276;10430338;10394904;1489888;1007461;1485857;1004611;1492629;1016428;1493736;1009391;3597503;3408586;4932366;3509105;0.36%;0.31%;0.65%;0.34%;868272;444;0;12713;82.23%;80.18%;85.14%;81.46%;82.16%;8223004;2002294;2120289;2043776;2056645;457.41;456.05;1.09;99;5419;18;0;302339;0
MESI-blackscholes-4096-4-16.time;MESI;blackscholes;4096;4;16;16151955;15926445;17503975;16057606;17503975;10430314;10383276;10430338;10394904;1489888;1007461;1485857;1004611;1492629;1016428;1493736;1009391;5721641;5543169;7073637;5662702;1.11%;1.08%;1.41%;1.10%;2237376;452;0;22345;81.22%;81.01%;81.40%;81.42%;81.03%;8121844;2023216;2027280;2042986;2028362;313.80;312.68;0.97;99;406;21;0;336065;0
MESI-blackscholes-4096-64-16.time;MESI;blackscholes;4096;64;16;14020056;13790730;15365106;13908862;15365106;10430314;10383276;10430338;10394904;1489888;1007461;1485857;1004611;1492629;1016428;1493736;1009391;3589742;3407454;4934768;3513958;0.35%;0.31%;0.65%;0.34%;867808;461;0;12739;81.65%;80.18%;83.05%;81.46%;81.91%;8164586;2002262;2068229;2043781;2050314;714.82;713.50;1.09;99;996;18;0;340223;0
MESI-blackscholes-4096-8-16.time;MESI;blackscholes;4096;8;16;14455291;14227076;15801130;14336524;15801130;10430314;10383276;10430338;10394904;1489888;1007461;1485857;1004611;1492629;1016428;1493736;1009391;4024977;3843800;5370792;3941620;0.52%;0.48%;0.82%;0.50%;1146048;428;0;13581;82.21%;81.03%;83.28%;81.45%;83.07%;8220580;2023662;2073942;2043702;2079274;280.24;279.21;0.87;99;237;22;0;310217;0
MESI-blackscholes-512-2-16.time;MESI;blackscholes;512;2;16;105248323;104917763;106636821;105475006;106636821;10430314;10383276;10430338;10394904;1489888;1007461;1485857;1004611;1492629;1016428;1493736;1009391;94818009;94534487;96206483;95080102;25.24%;25.24%;25.45%;25.26%;58648000;128;0;1135666;87.55%;87.24%;87.39%;87.31%;88.27%;8755223;2178622;2176404;2190594;2209603;483.46;482.52;0.84;99;335;21;0;302326;0
MESI-blackscholes-65536-2-16.time;MESI;blackscholes;65536;2;16;13586496;13492580;14203256;13507313;14203256;10430314;10383276;10430338;10394904;1489888;1007461;1485857;1004611;1492629;1016428;1493736;1009391;3156182;3109304;3772918;3112409;0.22%;0.20%;0.35%;0.20%;502304;992;0;7032;83.57%;80.42%;80.42%;82.01%;91.40%;8356662;2008416;2002779;2057649;2287818;1689.26;1686.63;2.41;99;935;30;0;302678;0
MESI-blackscholes-8192-2-16.time;MESI;blackscholes;8192;2;16;15583574;15370725;16872036;15451665;16872036;10430314;10383276;10430338;10394904;1489888;1007461;1485857;1004611;1492629;1016428;1493736;1009391;5153260;4987449;6441698;5056761;0.97%;0.93%;1.25%;0.94%;1859488;560;0;13985;81.54%;80.93%;81.30%;81.15%;82.79%;8154370;2021129;2024806;2036064;2072371;693.51;692.41;0.90;99;545;26;0;334485;0
MESI-bodytrack-1024-2-16.time;MESI;bodytrack;1024;2;16;64996020;65764588;20003207;65780193;65780193;17729254;17120545;17556877;17140113;2380720;889412;2388005;899247;74523;43175;2416052;908867;47266766;48644043;2446330;48640080;10.68%;10.89%;14.11%;10.79%;21877760;587;0;284551;87.85%;91.21%;82.68%;82.54%;89.83%;8784507;2982822;2717894;97149;2986642;337.51;336.23;1.17;99;520;8;0;318239;0
MESI-bodytrack-128-2-16.time;MESI;bodytrack;128;2;16;133212094;134133719;24868114;136038082;136038082;17729254;17120545;17556877;17140113;2380720;889412;2388005;899247;74523;43175;2416052;908867;115482840;117013174;7311237;118897969;26.00%;26.17%;43.32%;26.30%;55668800;45;0;843562;98.12%;98.14%;98.16%;93.67%;98.21%;9811536;3209153;3226723;110243;3265417;284.31;282.64;1.61;99;1120;7;0;277606;0
MESI-bodytrack-16384-2-16.time;MESI;bodytrack;16384;2;16;41258785;41025892;18450525;40757617;41258785;17729254;17120545;17556877;17140113;2380720;889412;2388005;899247;74523;43175;2416052;908867;23529531;23905347;893648;23617504;5.11%;5.16%;4.51%;5.04%;9909392;3258;0;109741;76.46%;70.85%;83.56%;79.23%;74.86%;7645933;2316879;2746867;93253;2488934;1680.54;1678.76;1.37;99;3053;15;0;316440;0
MESI-bodytrack-2048-2-16.time;MESI;bodytrack;2048;2;16;52481988;52402099;19505356;52159785;52481988;17729254;17120545;17556877;17140113;2380720;889412;2388005;899247;74523;43175;2416052;908867;34752734;35281554;1948479;35019672;7.92%;7.94%;11.09%;7.83%;15513904;1365;0;176230;89.49%;87.25%;90.46%;81.78%;91.01%;8949109;2853344;2973616;96255;3025894;439.64;438.42;1.17;99;1004;8;0;277670;0
MESI-bodytrack-256-2-16.time;MESI;bodytrack;256;2;16;113072619;113422328;22927948;115465568;115465568;17729254;17120545;17556877;17140113;2380720;889412;2388005;899247;74523;43175;2416052;908867;95343365;96301783;5371071;98325455;20.96%;21.05%;32.01%;21.17%;45535008;134;0;727010;95.74%;96.79%;94.79%;89.03%;95.88%;9573603;3165013;3115877;104789;3187924;284.67;283.14;1.24;99;235;8;0;285832;0
MESI-bodytrack-32768-2-16.time;MESI;bodytrack;32768;2;16;36072740;35487911;18257718;35373103;36072740;17729254;17120545;17556877;17140113;2380720;889412;2388005;899247;74523;43175;2416052;908867;18343486;18367366;700841;18232990;3.77%;3.79%;3.92%;3.73%;7302128;4992;0;79928;71.31%;68.88%;69.84%;78.39%;74.92%;7131456;2252379;2295794;92258;2491025;2885.03;2882.75;1.65;99;6365;37;0;317093;0
MESI-bodytrack-4096-1-16.time;MESI;bodytrack;4096;1;16;50552080;50924710;19416849;51114714;51114714;17729254;17120545;17556877;17140113;2380720;889412;2388005;899247;74523;43175;2416052;908867;32822826;33804165;1859972;33974601;7.37%;7.56%;10.47%;7.52%;14788112;1908;0;172157;83.81%;81.27%;83.56%;81.10%;86.65%;8381143;2657655;2746895;95458;2881135;679.90;678.51;1.31;99;919;8;0;318550;0
MESI-bodytrack-4096-128-16.time;MESI;bodytrack;4096;128;16;45006472;45242399;19103734;44773940;45242399;17729254;17120545;17556877;17140113;2380720;889412;2388005;899247;74523;43175;2416052;908867;27277218;28121854;1546857;27633827;6.17%;6.29%;8.59%;6.15%;11930480;2565;0;122348;86.62%;92.80%;84.52%;80.65%;82.82%;8661926;3034721;2778549;94924;2753732;1572.29;1571.02;1.12;99;550;21;0;277702;0
MESI-bodytrack-4096-16-16.time;MESI;bodytrack;4096;16;16;45128713;45356599;19103050;44925624;45356599;17729254;17120545;17556877;17140113;2380720;889412;2388005;899247;74523;43175;2416052;908867;27399459;28236054;1546173;27785511;6.21%;6.32%;8.60%;6.18%;11992432;2539;0;123030;87.01%;92.62%;92.65%;80.70%;76.14%;8701131;3028763;3045803;94986;2531579;711.55;708.94;2.49;99;467;16;0;278131;0
MESI-bodytrack-4096-2-1024.time;MESI;bodytrack;4096;2;1024;68897894;67862536;19954703;69170271;69170271;17729254;17120545;17556877;17140113;2380720;889412;2388005;899247;74523;43175;2416052;908867;51168640;50741991;2397826;52030158;12.47%;12.09%;14.25%;12.27%;1455330304;3746;0;191357;86.96%;90.93%;84.63%;85.28%;85.41%;8695660;2973675;2781859;100371;2839755;165.90;165.03;0.79;99;132;12;0;277608;0
MESI-bodytrack-4096-2-128.time;MESI;bodytrack;4096;2;128;42314208;41106178;18905340;42066619;42314208;17729254;17120545;17556877;17140113;2380720;889412;2388005;899247;74523;43175;2416052;908867;24584954;23985633;1348463;24926506;5.94%;5.73%;7.99%;5.87%;82729472;663;0;58962;83.83%;82.90%;84.70%;81.10%;83.97%;8382815;2710886;2784376;95454;2792099;151.77;150.85;0.85;99;127;15;0;277611;0
MESI-bodytrack-4096-2-16.time;MESI;bodytrack;4096;2;16;47028306;46879846;19211500;46518357;47028306;17729254;17120545;17556877;17140113;2380720;889412;2388005;899247;74523;43175;2416052;908867;29299052;29759301;1654623;29378244;6.64%;6.65%;9.24%;6.55%;12811872;2116;0;136483;81.76%;85.11%;83.99%;80.57%;76.32%;8176471;2783211;2760806;94833;2537621;698.94;697.75;1.05;99;672;16;0;300902;0
MESI-bodytrack-4096-2-2048.time;MESI;bodytrack;4096;2;2048;89577127;88857399;21078877;89931171;89931171;17729254;17120545;17556877;17140113;2380720;889412;2388005;899247;74523;43175;2416052;908867;71847873;71736854;3522000;72791058;17.87%;17.61%;20.09%;17.73%;88545280;2785;0;277417;92.94%;92.95%;91.64%;91.61%;94.26%;9294063;3039686;3012497;107826;3134054;191.22;189.80;1.39;99;181;10;0;277610;0
MESI-bodytrack-4096-2-256.time;MESI;bodytrack;4096;2;256;46388414;44982834;19493111;45661168;46388414;17729254;17120545;17556877;17140113;2380720;889412;2388005;899247;74523;43175;2416052;908867;28659160;27862289;1936234;28521055;6.91%;6.69%;11.56%;6.75%;195425280;924;0;79299;86.01%;83.10%;87.19%;81.41%;87.85%;8600701;2717641;2866302;95820;2920938;138.76;137.66;1.01;99;191;15;0;299152;0
MESI-bodytrack-4096-2-32.time;MESI;bodytrack;4096;2;32;42083448;41580227;18786786;41579391;42083448;17729254;17120545;17556877;17140113;2380720;889412;2388005;899247;74523;43175;2416052;908867;24354194;24459682;1229909;24439278;5.64%;5.60%;7.04%;5.57%;20626656;1355;0;82843;86.36%;84.33%;85.16%;80.71%;89.73%;8635698;2757795;2799309;94997;2983597;321.71;320.83;0.76;99;310;14;0;300805;0
MESI-bodytrack-4096-2-4.time;MESI;bodytrack;4096;2;4;69225759;68840095;20669226;68922798;69225759;17729254;17120545;17556877;17140113;2380720;889412;2388005;899247;74523;43175;2416052;908867;51496505;51719550;3112349;51782685;10.90%;10.78%;16.96%;10.82%;5923764;2958;0;390661;82.67%;82.53%;82.13%;80.69%;83.42%;8267042;2698753;2699812;94965;2773512;4508.09;4505.64;2.00;99;5895;13;0;317911;0
MESI-bodytrack-4096-2-512.time;MESI;bodytrack;4096;2;512;53969049;51968013;19729896;53336961;53969049;17729254;17120545;17556877;17140113;2380720;889412;2388005;899247;74523;43175;2416052;908867;36239795;34847468;2173019;36196848;8.61%;8.27%;13.38%;8.49%;503428608;1343;0;131747;85.59%;83.03%;87.11%;83.09%;86.70%;8559185;2715088;2863555;97794;2882748;135.70;134.83;0.80;99;193;18;0;277611;0
MESI-bodytrack-4096-2-64.time;MESI;bodytrack;4096;2;64;41314822;40532352;18680950;40825320;41314822;17729254;17120545;17556877;17140113;2380720;889412;2388005;899247;74523;43175;2416052;908867;23585568;23411807;1124073;23685207;5.58%;5.49%;6.50%;5.51%;39510400;1080;0;63430;87.46%;83.89%;89.82%;80.83%;88.86%;8745516;2743403;2952620;95130;2954363;197.17;195.59;1.42;99;2524;18;0;277610;0
MESI-bodytrack-4096-2-8.time;MESI;bodytrack;4096;2;8;56632063;56732890;20007636;56065488;56732890;17729254;17120545;17556877;17140113;2380720;889412;2388005;899247;74523;43175;2416052;908867;38902809;39612345;2450759;38925375;8.54%;8.55%;13.18%;8.41%;8790328;2971;0;243160;85.82%;84.87%;88.22%;80.80%;84.55%;8581511;2775210;2899971;95096;2811234;1903.87;1902.28;1.31;99;2309;11;0;310021;0
MESI-bodytrack-4096-256-16.time;MESI;bodytrack;4096;256;16;45004957;45238967;19105470;44774998;45238967;17729254;17120545;17556877;17140113;2380720;889412;2388005;899247;74523;43175;2416052;908867;27275703;28118422;1548593;27634885;6.17%;6.29%;8.60%;6.15%;11930400;2557;0;122340;86.63%;92.76%;85.15%;80.62%;82.26%;8662663;3033502;2799162;94891;2735108;2384.38;2382.93;1.25;99;799;15;0;277619;0
MESI-bodytrack-4096-32-16.time;MESI;bodytrack;4096;32;16;45054103;45280143;19101784;44826018;45280143;17729254;17120545;17556877;17140113;2380720;889412;2388005;899247;74523;43175;2416052;908867;27324849;28159598;1544907;27685905;6.19%;6.30%;8.58%;6.16%;11952208;2543;0;122533;86.64%;92.81%;85.53%;80.66%;81.89%;8664090;3034962;2811568;94934;2722626;864.97;863.32;1.51;99;1076;17;0;315101;0
MESI-bodytrack-4096-4-16.time;MESI;bodytrack;4096;4;16;45789060;46017702;19121662;45698513;46017702;17729254;17120545;17556877;17140113;2380720;889412;2388005;899247;74523;43175;2416052;908867;28059806;28897157;1564785;28558400;6.35%;6.46%;8.71%;6.35%;12330816;2271;0;129055;87.97%;86.45%;92.88%;80.65%;84.87%;8797135;2826926;3053316;94918;2821975;686.07;685.14;0.80;99;531;15;0;283112;0
MESI-bodytrack-4096-64-16.time;MESI;bodytrack;4096;64;16;44999549;45242093;19103568;44776136;45242093;17729254;17120545;17556877;17140113;2380720;889412;2388005;899247;74523;43175;2416052;908867;27270295;28121548;1546691;27636023;6.17%;6.29%;8.59%;6.15%;11929840;2545;0;122330;86.63%;92.76%;84.91%;80.62%;82.50%;8662758;3033365;2791287;94886;2743220;1075.32;1073.91;1.20;99;1629;16;0;309505;0
MESI-bodytrack-4096-8-16.time;MESI;bodytrack;4096;8;16;45292690;45533116;19113339;45126382;45533116;17729254;17120545;17556877;17140113;2380720;889412;2388005;899247;74523;43175;2416052;908867;27563436;28412571;1556462;27986269;6.24%;6.36%;8.68%;6.23%;12081216;2480;0;124589;86.57%;92.28%;92.79%;80.62%;75.00%;8656555;3017645;3050175;94887;2493848;693.15;690.75;2.22;99;1902;17;0;300456;0
MESI-bodytrack-512-2-16.time;MESI;bodytrack;512;2;16;88056331;89135062;20975155;90325930;90325930;17729254;17120545;17556877;17140113;2380720;889412;2388005;899247;74523;43175;2416052;908867;70327077;72014517;3418278;73185817;15.54%;15.79%;20.03%;15.88%;33337296;246;0;504594;95.10%;95.25%;95.20%;85.55%;95.17%;9509612;3114957;3129522;100691;3164442;299.99;298.73;1.16;99;493;8;0;318490;0
MESI-bodytrack-65536-2-16.time;MESI;bodytrack;65536;2;16;30790135;29550312;18183219;29464772;30790135;17729254;17120545;17556877;17140113;2380720;889412;2388005;899247;74523;43175;2416052;908867;13060881;12429767;626342;12324659;2.34%;2.26%;3.85%;2.24%;4549984;6438;0;54495;71.52%;66.52%;68.21%;77.88%;79.50%;7152397;2175297;2242260;91662;2643178;4372.76;4365.93;6.43;99;4584;26;0;312529;0
MESI-bodytrack-8192-2-16.time;MESI;bodytrack;8192;2;16;44005894;44260608;18821305;43879507;44260608;17729254;17120545;17556877;17140113;2380720;889412;2388005;899247;74523;43175;2416052;908867;26276640;27140063;1264428;26739394;5.85%;5.98%;6.80%;5.86%;11424976;2549;0;123086;81.84%;84.82%;81.00%;79.37%;79.83%;8184057;2773588;2662717;93419;2654333;1085.11;1083.80;1.15;99;1390;17;0;316224;0
MESI-fluidanimate-1024-2-16.time;MESI;fluidanimate;1024;2;16;67055904;59856291;69792860;59226093;69792860;11337782;11290799;11337671;11301515;1832392;744111;1821846;585998;1838008;766181;1832174;579291;55718122;48565492;58455189;47924578;13.60%;12.56%;14.07%;12.40%;32095104;955;0;687566;86.61%;87.24%;85.37%;88.01%;85.65%;8660744;2247738;2055491;2292011;2065504;479.27;477.79;1.41;99;662;8;0;340891;0
MESI-fluidanimate-128-2-16.time;MESI;fluidanimate;128;2;16;163599224;136062027;166348202;136312400;166348202;11337782;11290799;11337671;11301515;1832392;744111;1821846;585998;1838008;766181;1832174;579291;152261442;124771228;155010531;125010885;43.05%;38.29%;43.25%;38.52%;86653568;101;0;1329447;91.11%;91.13%;90.62%;92.17%;90.46%;9111394;2347870;2181942;2400214;2181368;366.35;364.39;1.02;99;495;10;0;342859;0
MESI-fluidanimate-16384-2-16.time;MESI;fluidanimate;16384;2;16;39937215;37392372;40288876;37853907;40288876;11337782;11290799;11337671;11301515;1832392;744111;1821846;585998;1838008;766181;1832174;579291;28599433;26101573;28951205;26552392;5.85%;5.73%;5.86%;5.78%;16030960;9446;0;421304;84.47%;83.49%;88.34%;84.06%;82.10%;8447014;2151032;2126994;2189098;1979890;4004.45;4000.13;3.98;99;4770;8;0;340820;0
MESI-fluidanimate-2048-2-16.time;MESI;fluidanimate;2048;2;16;57234165;51859533;60104137;51350223;60104137;11337782;11290799;11337671;11301515;1832392;744111;1821846;585998;1838008;766181;1832174;579291;45896383;40568734;48766466;40048708;10.52%;9.75%;11.08%;9.65%;26440128;1701;0;625441;85.99%;86.23%;84.84%;87.48%;85.27%;8598989;2221710;2042759;2278216;2056304;705.39;703.83;1.48;99;1057;7;0;341613;0
MESI-fluidanimate-256-2-16.time;MESI;fluidanimate;256;2;16;117177987;94248913;119558942;93414552;119558942;11337782;11290799;11337671;11301515;1832392;744111;1821846;585998;1838008;766181;1832174;579291;105840205;82958114;108221271;82113037;28.51%;24.01%;28.70%;23.72%;58834256;174;0;1045172;88.24%;88.43%;87.22%;89.63%;87.53%;8823549;2278469;2100059;2334147;2110874;340.82;339.83;0.93;99;203;8;0;343521;0
MESI-fluidanimate-32768-2-16.time;MESI;fluidanimate;32768;2;16;37136777;34827998;37421966;35960352;37421966;11337782;11290799;11337671;11301515;1832392;744111;1821846;585998;1838008;766181;1832174;579291;25798995;23537199;26084295;24658837;5.23%;5.14%;5.15%;5.24%;14410864;12765;0;381477;84.69%;83.01%;90.23%;83.60%;82.13%;8469068;2138792;2172668;2176994;1980614;6689.88;6686.77;2.25;99;8856;10;0;343907;0
MESI-fluidanimate-4096-1-16.time;MESI;fluidanimate;4096;1;16;60486523;57191398;63676601;56541831;63676601;11337782;11290799;11337671;11301515;1832392;744111;1821846;585998;1838008;766181;1832174;579291;49148741;45900599;52338930;45240316;11.16%;11.20%;11.83%;11.08%;29209968;2138;0;693261;85.10%;85.28%;84.42%;86.39%;84.19%;8509799;2197277;2032651;2249730;2030141;1730.25;1727.72;2.39;99;1706;10;0;303099;0
MESI-fluidanimate-4096-128-16.time;MESI;fluidanimate;4096;128;16;47496731;45793725;49933437;45171121;49933437;11337782;11290799;11337671;11301515;1832392;744111;1821846;585998;1838008;766181;1832174;579291;36158949;34502926;38595766;33869606;7.49%;7.67%;7.93%;7.53%;21297728;2964;0;565498;85.67%;85.79%;84.00%;85.26%;87.63%;8566652;2210317;2022667;2220453;2113215;2098.02;2095.70;1.99;99;3195;10;0;342390;0
MESI-fluidanimate-4096-16-16.time;MESI;fluidanimate;4096;16;16;47571478;45775403;50063966;45158949;50063966;11337782;11290799;11337671;11301515;1832392;744111;1821846;585998;1838008;766181;1832174;579291;36233696;34484604;38726295;33857434;7.51%;7.67%;7.96%;7.52%;21325792;3081;0;566089;85.73%;85.77%;84.23%;85.34%;87.61%;8572931;2209807;2028040;2222459;2112625;1330.07;1325.37;4.49;99;566;7;0;303080;0
MESI-fluidanimate-4096-2-1024.time;MESI;fluidanimate;4096;2;1024;90584552;80216482;90395800;79062411;90584552;11337782;11290799;11337671;11301515;1832392;744111;1821846;585998;1838008;766181;1832174;579291;79246770;68925683;79058129;67760896;21.99%;20.59%;21.71%;20.08%;1722104832;7644;0;400430;86.02%;86.68%;85.37%;87.38%;84.49%;8602002;2233269;2055635;2275615;2037483;243.71;242.17;1.47;99;304;10;0;324496;0
MESI-fluidanimate-4096-2-128.time;MESI;fluidanimate;4096;2;128;34229105;28700379;35254519;28729378;35254519;11337782;11290799;11337671;11301515;1832392;744111;1821846;585998;1838008;766181;1832174;579291;22891323;17409580;23916848;17427863;5.67%;4.39%;5.94%;4.37%;91069312;1678;0;199867;83.35%;83.76%;82.46%;84.78%;82.27%;8335205;2158076;1985390;2207894;1983845;175.97;174.88;1.06;99;138;8;0;322573;0
MESI-fluidanimate-4096-2-16.time;MESI;fluidanimate;4096;2;16;51106850;47875951;53778953;47381464;53778953;11337782;11290799;11337671;11301515;1832392;744111;1821846;585998;1838008;766181;1832174;579291;39769068;36585152;42441282;36079949;8.59%;8.39%;9.12%;8.28%;23176320;2499;0;587872;86.02%;85.35%;84.19%;86.65%;87.89%;8602293;2199157;2027173;2256515;2119448;1415.40;1412.78;2.38;99;2907;10;0;340583;0
MESI-fluidanimate-4096-2-2048.time;MESI;fluidanimate;4096;2;2048;113851773;100625743;114372839;100907330;114372839;11337782;11290799;11337671;11301515;1832392;744111;1821846;585998;1838008;766181;1832174;579291;102513991;89334944;103035168;89605815;29.60%;27.96%;29.46%;27.89%;1713342464;6902;0;482323;88.03%;88.46%;87.62%;88.99%;86.95%;8803042;2279077;2109703;2317469;2096793;277.50;276.26;1.17;99;619;8;0;341774;0
MESI-fluidanimate-4096-2-256.time;MESI;fluidanimate;4096;2;256;40700477;31739222;41722104;30743518;41722104;11337782;11290799;11337671;11301515;1832392;744111;1821846;585998;1838008;766181;1832174;579291;29362695;20448423;30384433;19442003;7.83%;5.48%;8.02%;5.16%;226305536;3606;0;216936;83.36%;84.01%;82.34%;84.82%;82.08%;8335524;2164549;1982689;2208933;1979353;152.88;151.71;1.11;99;1022;8;0;307719;0
MESI-fluidanimate-4096-2-32.time;MESI;fluidanimate;4096;2;32;38147870;35156853;39653405;34956882;39653405;11337782;11290799;11337671;11301515;1832392;744111;1821846;585998;1838008;766181;1832174;579291;26810088;23866054;28315734;23655367;5.85%;5.52%;6.15%;5.46%;29636256;2093;0;350562;85.81%;84.25%;84.54%;85.81%;88.72%;8580521;2170703;2035671;2234766;2139381;527.37;525.66;1.63;99;701;8;0;338730;0
MESI-fluidanimate-4096-2-4.time;MESI;fluidanimate;4096;2;4;95446504;90525457;100067464;90095337;100067464;11337782;11290799;11337671;11301515;1832392;744111;1821846;585998;1838008;766181;1832174;579291;84108722;79234658;88729793;78793822;18.88%;19.03%;19.69%;18.93%;12833924;2799;0;1294661;85.75%;84.93%;83.99%;86.05%;88.06%;8574869;2188282;2022287;2240805;2123495;6900.01;6897.59;1.98;99;8697;10;0;343976;0
MESI-fluidanimate-4096-2-512.time;MESI;fluidanimate;4096;2;512;63232349;53581574;63752957;52757316;63752957;11337782;11290799;11337671;11301515;1832392;744111;1821846;585998;1838008;766181;1832174;579291;51894567;42290775;52415286;41455801;14.59%;12.61%;14.60%;12.31%;840212480;7058;0;284563;84.55%;84.94%;83.67%;85.91%;83.56%;8455302;2188446;2014686;2237260;2014910;187.26;186.16;1.01;99;332;8;0;308317;0
MESI-fluidanimate-4096-2-64.time;MESI;fluidanimate;4096;2;64;33645943;29590301;35048156;29313664;35048156;11337782;11290799;11337671;11301515;1832392;744111;1821846;585998;1838008;766181;1832174;579291;22308161;18299502;23710485;18012149;5.18%;4.37%;5.52%;4.28%;46154496;1681;0;235247;84.45%;84.17%;83.79%;85.05%;84.75%;8444746;2168768;2017519;2214843;2043616;254.63;253.33;1.26;99;343;8;0;341823;0
MESI-fluidanimate-4096-2-8.time;MESI;fluidanimate;4096;2;8;80113855;75662814;84766328;74886447;84766328;11337782;11290799;11337671;11301515;1832392;744111;1821846;585998;1838008;766181;1832174;579291;68776073;64372015;73428657;63584932;14.86%;14.83%;15.71%;14.63%;20811560;2597;0;1099549;86.17%;85.33%;84.43%;86.55%;88.40%;8617055;2198452;2032995;2253975;2131633;4115.30;4109.48;5.59;99;4398;8;0;339509;0
MESI-fluidanimate-4096-256-16.time;MESI;fluidanimate;4096;256;16;47507097;45806203;49936375;45179397;49936375;11337782;11290799;11337671;11301515;1832392;744111;1821846;585998;1838008;766181;1832174;579291;36169315;34515404;38598704;33877882;7.49%;7.67%;7.93%;7.53%;21302608;2957;0;565555;85.63%;85.77%;84.01%;85.28%;87.48%;8563166;2209867;2022919;2220939;2109441;2859.41;2855.85;3.22;99;3252;9;0;340149;0
MESI-fluidanimate-4096-32-16.time;MESI;fluidanimate;4096;32;16;47536006;45778735;49998158;45146841;49998158;11337782;11290799;11337671;11301515;1832392;744111;1821846;585998;1838008;766181;1832174;579291;36198224;34487936;38660487;33845326;7.50%;7.66%;7.94%;7.52%;21308064;2992;0;565901;85.15%;85.80%;84.02%;85.45%;85.24%;8514579;2210546;2023167;2225313;2055553;1479.00;1476.54;2.11;99;1057;8;0;303115;0
MESI-fluidanimate-4096-4-16.time;MESI;fluidanimate;4096;4;16;48520332;45947563;50984433;45369815;50984433;11337782;11290799;11337671;11301515;1832392;744111;1821846;585998;1838008;766181;1832174;579291;37182550;34656764;39646762;34068300;7.81%;7.75%;8.26%;7.60%;21685984;2816;0;569170;86.01%;85.34%;84.07%;86.64%;87.99%;8601453;2198795;2024381;2256347;2121930;1328.10;1325.53;2.47;99;1424;8;0;338854;0
MESI-fluidanimate-4096-64-16.time;MESI;fluidanimate;4096;64;16;47517780;45771620;49976007;45150943;49976007;11337782;11290799;11337671;11301515;1832392;744111;1821846;585998;1838008;766181;1832174;579291;36179998;34480821;38638336;33849428;7.49%;7.66%;7.94%;7.52%;21301152;2996;0;565825;85.72%;85.82%;83.98%;85.40%;87.68%;8571571;2211167;2022030;2223964;2114410;1692.85;1682.97;6.70;99;699;8;0;303057;0
MESI-fluidanimate-4096-8-16.time;MESI;fluidanimate;4096;8;16;47795061;45815386;50249735;45229559;50249735;11337782;11290799;11337671;11301515;1832392;744111;1821846;585998;1838008;766181;1832174;579291;36457279;34524587;38912064;33928044;7.58%;7.69%;8.02%;7.54%;21408560;2930;0;567101;85.09%;85.78%;84.00%;85.08%;85.45%;8508902;2210015;2022582;2215670;2060635;1317.44;1314.74;2.29;99;896;8;0;332779;0
MESI-fluidanimate-512-2-16.time;MESI;fluidanimate;512;2;16;87327760;76209906;89970544;75481866;89970544;11337782;11290799;11337671;11301515;1832392;744111;1821846;585998;1838008;766181;1832174;579291;75989978;64919107;78632873;64180351;19.77%;18.04%;20.11%;17.83%;43682912;570;0;832809;87.54%;87.66%;86.74%;88.83%;86.81%;8753693;2258513;2088471;2313245;2093464;373.65;372.28;1.34;99;213;11;0;336089;0
MESI-fluidanimate-65536-2-16.time;MESI;fluidanimate;65536;2;16;35808370;33795276;36552391;35347875;36552391;11337782;11290799;11337671;11301515;1832392;744111;1821846;585998;1838008;766181;1832174;579291;24470588;22504477;25214720;24046360;5.02%;4.96%;4.88%;5.06%;13796816;16416;0;364394;84.32%;82.91%;87.96%;83.56%;83.00%;8431887;2136304;2117953;2176053;2001577;13649.64;13644.60;3.54;99;19889;29;0;343933;0
MESI-fluidanimate-8192-2-16.time;MESI;fluidanimate;8192;2;16;46326718;43996872;48048604;43744075;48048604;11337782;11290799;11337671;11301515;1832392;744111;1821846;585998;1838008;766181;1832174;579291;34988936;32706073;36710933;32442560;7.33%;7.35%;7.62%;7.28%;20292768;5120;0;528426;84.93%;84.30%;83.34%;84.57%;87.57%;8492984;2172065;2006794;2202477;2111648;2646.38;2638.26;7.84;99;2314;7;0;330552;0
